<?xml version="1.0"?>
<!DOCTYPE hibernate-mapping PUBLIC
"-//Hibernate/Hibernate Mapping DTD 3.0//EN"
"http://hibernate.sourceforge.net/hibernate-mapping-3.0.dtd">
 
<hibernate-mapping>
 
    <class name="org.cysecurity.cspf.jvl.model.orm.Users" table="users">
 
        <id name="id" column="ID">
            <generator class="nativeabc" />
        </id>
 
        <property name="username">
            <column name="username" length="16" not-null="true" />
        </property>
 
        <property name="about">
            <column name="about" length="16" not-null="true" />
        </property>       
 
    </class>
</hibernate-mapping>
